fender-stratocaster,fender-fender-stratocaster-1991-jimi-hendrix-67-reissue-custom-shop-number-seven-of-ten-1991-white_78213417_leinxz45xz08b6miikib.jpg
fender-stratocaster,fender-fender-stratocaster-1991-jimi-hendrix-67-reissue-custom-shop-number-seven-of-ten-1991-white_78213417_egfrkhasxpeqwx5u5tgz.jpg
fender-stratocaster,fender-fender-stratocaster-1991-jimi-hendrix-67-reissue-custom-shop-number-seven-of-ten-1991-white_78213417_wj3tqmirjrcw0v7wherf.jpg
fender-stratocaster,fender-fender-stratocaster-1991-jimi-hendrix-67-reissue-custom-shop-number-seven-of-ten-1991-white_78213417_i6ia3pnejiixscohtrmk.jpg
fender-stratocaster,fender-fender-stratocaster-1991-jimi-hendrix-67-reissue-custom-shop-number-seven-of-ten-1991-white_78213417_wsftpywezbq6cywweikz.jpg
fender-stratocaster,fender-fender-stratocaster-1991-jimi-hendrix-67-reissue-custom-shop-number-seven-of-ten-1991-white_78213417_mdgwgtcnts7ah9x5mpvt.jpg
fender-stratocaster,fender-fender-stratocaster-1991-jimi-hendrix-67-reissue-custom-shop-number-seven-of-ten-1991-white_78213417_lostxlhjhxetwqswjafs.jpg
fender-stratocaster,fender-fender-stratocaster-1991-jimi-hendrix-67-reissue-custom-shop-number-seven-of-ten-1991-white_78213417_u3p0ibd6wdcutgajwqpm.jpg
fender-stratocaster,fender-fender-stratocaster-1991-jimi-hendrix-67-reissue-custom-shop-number-seven-of-ten-1991-white_78213417_s61rymg2ocfj8abolgn4.jpg
fender-stratocaster,fender-fender-stratocaster-1991-jimi-hendrix-67-reissue-custom-shop-number-seven-of-ten-1991-white_78213417_gixuztfsnhke1nfkq6kb.jpg
fender-stratocaster,fender-fender-stratocaster-1991-jimi-hendrix-67-reissue-custom-shop-number-seven-of-ten-1991-white_78213417_gbbezkawypf5mk23ad91.jpg
fender-stratocaster,fender-fender-stratocaster-1991-jimi-hendrix-67-reissue-custom-shop-number-seven-of-ten-1991-white_78213417_blyisjwihhdbdtw4xqr9.jpg
fender-stratocaster,1992-fender-stratocaster-mik-squier-series_32290586_trmxzugpdlkghqq4hjzc.jpg
fender-stratocaster,1992-fender-stratocaster-mik-squier-series_32290586_jdvimujjl0f5ddfexqgm.jpg
fender-stratocaster,1992-fender-stratocaster-mik-squier-series_32290586_payu7o9zf6xvodeoa7ou.jpg
fender-stratocaster,1992-fender-stratocaster-mik-squier-series_32290586_lrdevunqifqiqxjpzbos.jpg
fender-stratocaster,1992-fender-stratocaster-mik-squier-series_32290586_sy13efqfi40a42b2gzyd.jpg
fender-stratocaster,1992-fender-stratocaster-mik-squier-series_32290586_ivq9x4srqjyjpahkxa0k.jpg
fender-stratocaster,1992-fender-stratocaster-mik-squier-series_32290586_l3e40p2dyaen4yksgrxv.jpg
fender-stratocaster,1992-fender-stratocaster-mik-squier-series_32290586_umyswibbbhfi8rwtfv8x.jpg
fender-stratocaster,1992-fender-stratocaster-mik-squier-series_32290586_kctrspc5pqwktgfh3okk.jpg
fender-stratocaster,1992-fender-stratocaster-mik-squier-series_32290586_vdsbjhxw8gupel4hm7gb.jpg
fender-stratocaster,1992-fender-stratocaster-mik-squier-series_32290586_ft0utjjeqevosi76zyog.jpg
fender-stratocaster,1992-fender-stratocaster-mik-squier-series_32290586_jke5z4fhezy4nwof0lna.jpg
fender-stratocaster,1992-fender-stratocaster-mik-squier-series_32290586_sorie8zgei2egh3aqoi2.jpg
fender-stratocaster,1992-fender-stratocaster-mik-squier-series_32290586_or8hzfscwgbbbhfzbyf4.jpg
fender-stratocaster,fender-stratocaster-american-vintage-reissue-57-translucent-black_44359240_y8fu8ladkuwnmt91jwfi.jpg
fender-stratocaster,fender-stratocaster-american-vintage-reissue-57-translucent-black_44359240_h65wi7ddzurliaosm4vw.jpg
fender-stratocaster,fender-stratocaster-american-vintage-reissue-57-translucent-black_44359240_lslg0zqrcueuvuyoj0mm.jpg
fender-stratocaster,fender-stratocaster-american-vintage-reissue-57-translucent-black_44359240_g3kzq0hky3bdby77nivw.jpg
fender-stratocaster,fender-stratocaster-american-vintage-reissue-57-translucent-black_44359240_aerds4pucsfgbto9ixyo.jpg
fender-stratocaster,fender-stratocaster-american-vintage-reissue-57-translucent-black_44359240_fts0l1zx2umrvbtyyltw.jpg
fender-stratocaster,fender-stratocaster-american-vintage-reissue-57-translucent-black_44359240_hv5oycuromuijph3jbgj.jpg
fender-stratocaster,fender-stratocaster-american-vintage-reissue-57-translucent-black_44359240_ia5mmbf1cl7wdtd02vh8.jpg
fender-stratocaster,fender-stratocaster-american-vintage-reissue-57-translucent-black_44359240_eufs1jehc0bahfhqah3o.jpg
fender-stratocaster,fender-stratocaster-american-vintage-reissue-57-translucent-black_44359240_e2xzrgfhjijdqqh6knj0.jpg
fender-stratocaster,fender-stratocaster-custom-shop-deluxe-quilt-maple-top-from-2012-full-set-2012-sienna-sunburst_68509145_dmxn7rv34l56kiebirgo.jpg
fender-stratocaster,fender-stratocaster-custom-shop-deluxe-quilt-maple-top-from-2012-full-set-2012-sienna-sunburst_68509145_p2lbxu5mqqvchxvfdwxg.jpg
fender-stratocaster,fender-stratocaster-custom-shop-deluxe-quilt-maple-top-from-2012-full-set-2012-sienna-sunburst_68509145_isdu1fs2ozbhrbqv8bc1.jpg
fender-stratocaster,fender-stratocaster-custom-shop-deluxe-quilt-maple-top-from-2012-full-set-2012-sienna-sunburst_68509145_uuyjhfuoqklye96tu8jo.jpg
fender-stratocaster,fender-stratocaster-custom-shop-deluxe-quilt-maple-top-from-2012-full-set-2012-sienna-sunburst_68509145_avf6kf08zktde0t3dn3f.jpg
fender-stratocaster,fender-stratocaster-custom-shop-deluxe-quilt-maple-top-from-2012-full-set-2012-sienna-sunburst_68509145_lmj5vpfyb420xtdcqqsa.jpg
fender-stratocaster,fender-stratocaster-custom-shop-deluxe-quilt-maple-top-from-2012-full-set-2012-sienna-sunburst_68509145_ukzygok0cn9rbvmjwypa.jpg
fender-stratocaster,fender-stratocaster-custom-shop-deluxe-quilt-maple-top-from-2012-full-set-2012-sienna-sunburst_68509145_ohci1rjnhtph15avvhvx.jpg
fender-stratocaster,fender-stratocaster-custom-shop-deluxe-quilt-maple-top-from-2012-full-set-2012-sienna-sunburst_68509145_md53wwjz7lwwrebc4ldu.jpg
fender-stratocaster,fender-stratocaster-custom-shop-deluxe-quilt-maple-top-from-2012-full-set-2012-sienna-sunburst_68509145_idwzltjrurayn2tsiio5.jpg
fender-stratocaster,fender-stratocaster-custom-shop-deluxe-quilt-maple-top-from-2012-full-set-2012-sienna-sunburst_68509145_didwvehx4f2hocaktnsm.jpg
fender-stratocaster,fender-stratocaster-custom-shop-deluxe-quilt-maple-top-from-2012-full-set-2012-sienna-sunburst_68509145_n6h6s0bqz2hb3st3kkti.jpg
fender-stratocaster,fender-stratocaster-custom-shop-deluxe-quilt-maple-top-from-2012-full-set-2012-sienna-sunburst_68509145_liu4skewivi4hl8y8m9e.jpg
fender-stratocaster,fender-stratocaster-custom-shop-deluxe-quilt-maple-top-from-2012-full-set-2012-sienna-sunburst_68509145_mn5xf3vdagyuvo1stvxg.jpg
fender-stratocaster,fender-stratocaster-custom-shop-deluxe-quilt-maple-top-from-2012-full-set-2012-sienna-sunburst_68509145_tdnavouepezegk56srfn.jpg
fender-stratocaster,fender-stratocaster-custom-shop-deluxe-quilt-maple-top-from-2012-full-set-2012-sienna-sunburst_68509145_e3c5gvkwpo1z1redsfbw.jpg
fender-stratocaster,fender-stratocaster-custom-shop-deluxe-quilt-maple-top-from-2012-full-set-2012-sienna-sunburst_68509145_nqbjxxw3yjfbzkh1v953.jpg
fender-stratocaster,fender-fender-stratocaster-roland-vg-3tsb-2007_78435767_p8buon7ds5xblukf0ezv.jpg
fender-stratocaster,fender-fender-stratocaster-roland-vg-3tsb-2007_78435767_bvfwm0pkhbvkfzfrzumf.jpg
fender-stratocaster,fender-fender-stratocaster-roland-vg-3tsb-2007_78435767_bcfjgfhsubgqmzcwmuwl.jpg
fender-stratocaster,fender-fender-stratocaster-roland-vg-3tsb-2007_78435767_hnslso3ucag1nw5mkkio.jpg
fender-stratocaster,fender-fender-stratocaster-roland-vg-3tsb-2007_78435767_wf8my6dy5zq7jfoswnlh.jpg
fender-stratocaster,fender-fender-stratocaster-roland-vg-3tsb-2007_78435767_fhg4hrix71okiqabxw8b.jpg
fender-stratocaster,fender-fender-stratocaster-roland-vg-3tsb-2007_78435767_qd5ln1oiuxwmx8lylmhj.jpg
fender-stratocaster,fender-fender-stratocaster-roland-vg-3tsb-2007_78435767_jnlidyrbalr1nxre9u6f.jpg
fender-stratocaster,fender-fender-stratocaster-roland-vg-3tsb-2007_78435767_lojcshxwlpbyv3edbnok.jpg
fender-stratocaster,fender-fender-stratocaster-roland-vg-3tsb-2007_78435767_mhzdc30ewzs2yjdxrfqg.jpg
fender-stratocaster,fender-fender-stratocaster-roland-vg-3tsb-2007_78435767_gnok23k4iuevm9ytzvga.jpg
fender-stratocaster,fender-fender-stratocaster-roland-vg-3tsb-2007_78435767_f2fvnitkksvvamc5nuim.jpg
fender-stratocaster,fender-fender-stratocaster-roland-vg-3tsb-2007_78435767_fyyovl0gslnsqqwsgxad.jpg
fender-stratocaster,fender-fender-stratocaster-roland-vg-3tsb-2007_78435767_mtaz1t94vnvdfe6chdel.jpg
fender-stratocaster,fender-fender-stratocaster-roland-vg-3tsb-2007_78435767_cvkgwo6aojibxfugrcij.jpg
fender-stratocaster,fender-fender-stratocaster-roland-vg-3tsb-2007_78435767_jzhkrpxum6sydzlgz47z.jpg
fender-stratocaster,1994-fender-stratocaster_72463104_pejs3zk6lqg0eo0tt2bf.jpg
fender-stratocaster,1994-fender-stratocaster_72463104_zz5mns0edrl5ifrczomu.jpg
fender-stratocaster,1994-fender-stratocaster_72463104_ctjwhlpc08dwhehpdkbh.jpg
fender-stratocaster,1994-fender-stratocaster_72463104_biq4vm8gi75ageq47gfu.jpg
fender-stratocaster,1994-fender-stratocaster_72463104_qmpdbm59eojzzp0w7gj4.jpg
fender-stratocaster,1994-fender-stratocaster_72463104_cjbh2i1luw2j5hfu0pe4.jpg
fender-stratocaster,fender-fender-stratocaster-1964-sunburst-1964_78037291_yi44xgi0thylkedb3mqm.jpg
fender-stratocaster,fender-fender-stratocaster-1964-sunburst-1964_78037291_c40fj87dtvhlusu5k4sr.jpg
fender-stratocaster,fender-fender-stratocaster-1964-sunburst-1964_78037291_kcnflzpvvlbydtjge2fb.jpg
fender-stratocaster,fender-fender-stratocaster-1964-sunburst-1964_78037291_zsrlogywpqbsdvkcvs4w.jpg
fender-stratocaster,fender-fender-stratocaster-1964-sunburst-1964_78037291_iytaln6dupd74pcjq2fu.jpg
fender-stratocaster,fender-fender-stratocaster-1964-sunburst-1964_78037291_r52djpvlus5xpmryewtj.jpg
fender-stratocaster,fender-fender-stratocaster-1964-sunburst-1964_78037291_uj1ubemqhcywil8rtfts.jpg
fender-stratocaster,fender-fender-stratocaster-1964-sunburst-1964_78037291_zrbllrs8tblm5lvz09xy.jpg
fender-stratocaster,fender-fender-stratocaster-1964-sunburst-1964_78037291_xeaqcgynzdiqbamqb4v3.jpg
fender-stratocaster,fender-fender-stratocaster-1964-sunburst-1964_78037291_grzhnmbfarffr75y3mvx.jpg
fender-stratocaster,fender-fender-stratocaster-1964-sunburst-1964_78037291_iraxvdfru9zzj8ktyr0f.jpg
fender-stratocaster,fender-fender-stratocaster-1964-sunburst-1964_78037291_v8vyxl07s3pc1pumz4vw.jpg
fender-stratocaster,fender-fender-stratocaster-1964-sunburst-1964_78037291_qmo9erzztks4uttq6mow.jpg
fender-stratocaster,fender-fender-stratocaster-1964-sunburst-1964_78037291_l3ykdsxolvnxvk6f9bvl.jpg
fender-stratocaster,fender-fender-stratocaster-1964-sunburst-1964_78037291_s9pr7pxv3bh0m41dhttq.jpg
fender-stratocaster,fender-fender-stratocaster-1964-sunburst-1964_78037291_udd5bfnno6zju2jfhyet.jpg
fender-stratocaster,fender-fender-stratocaster-1964-sunburst-1964_78037291_ceawmiefmq0yz2ah3fyx.jpg
fender-stratocaster,fender-fender-stratocaster-1964-sunburst-1964_78037291_yv7ol46gbhnwk8pimnyv.jpg
fender-stratocaster,fender-fender-stratocaster-1964-sunburst-1964_78037291_zndjq0svqepathshfb6f.jpg
fender-stratocaster,fender-fender-stratocaster-1964-sunburst-1964_78037291_wpkzsxtugqtfnbl9qdrf.jpg
fender-stratocaster,fender-fender-stratocaster-1964-sunburst-1964_78037291_r36izzp7gdsu4x7d7fgg.jpg
fender-stratocaster,fender-fender-stratocaster-1964-sunburst-1964_78037291_uxecqujgcdm47rvld0bs.jpg
fender-stratocaster,fender-fender-stratocaster-1964-sunburst-1964_78037291_onzpwc59rcbmxwh62jii.jpg
fender-stratocaster,fender-fender-stratocaster-1964-sunburst-1964_78037291_ejfgmrljxolssutzgr0x.jpg
fender-stratocaster,fender-fender-stratocaster-1964-sunburst-1964_78037291_gclbomqilhcv6uowlxgn.jpg
fender-stratocaster,fender-stratocaster-bonnie-raitt-signature-1995_77868552_w6k9l854tfmcfgxwvnwm.jpg
fender-stratocaster,fender-stratocaster-bonnie-raitt-signature-1995_77868552_t2xldu89vpvlqrogglqn.jpg
fender-stratocaster,fender-stratocaster-bonnie-raitt-signature-1995_77868552_vi20x1mfyjadmw8kgiys.jpg
fender-stratocaster,fender-stratocaster-bonnie-raitt-signature-1995_77868552_suolkd6ayq6hbx1yno8y.jpg
fender-stratocaster,fender-stratocaster-bonnie-raitt-signature-1995_77868552_hpmnjiu0chejqkw8inwl.jpg
fender-stratocaster,fender-stratocaster-bonnie-raitt-signature-1995_77868552_xvniwddmjjuxbfuxrdgl.jpg
fender-stratocaster,fender-stratocaster-bonnie-raitt-signature-1995_77868552_ilndd2zak5kndelt8htj.jpg
fender-stratocaster,fender-stratocaster-bonnie-raitt-signature-1995_77868552_jxdkswrl6vypk4duvod4.jpg
fender-stratocaster,fender-stratocaster-bonnie-raitt-signature-1995_77868552_v9rhbg9qkvbajlanr15c.jpg
fender-stratocaster,fender-stratocaster-bonnie-raitt-signature-1995_77868552_zdy8ce22q12b4qc3fyuz.jpg
fender-stratocaster,fender-stratocaster-bonnie-raitt-signature-1995_77868552_wpb3zuehu3phovmmzmzb.jpg
fender-stratocaster,fender-stratocaster-bonnie-raitt-signature-1995_77868552_wy4gxjjgwwhxjutsvzsm.jpg
fender-stratocaster,fender-stratocaster-usa-n980697-chitarra-elettrica_67413016_x6ztzfkwfz3jz9g7ijgi.jpg
fender-stratocaster,fender-stratocaster-usa-n980697-chitarra-elettrica_67413016_npbzzvegxvzgfdwnlqct.jpg
fender-stratocaster,fender-stratocaster-usa-n980697-chitarra-elettrica_67413016_orbo5bniefqn5gzj5qxw.jpg
fender-stratocaster,fender-stratocaster-custom-shop-2004-california-blue_77719871_jny6o2umgrgbdr1h7mlv.jpg
fender-stratocaster,fender-stratocaster-custom-shop-2004-california-blue_77719871_tk0gzauy71hgenbhkwbs.jpg
fender-stratocaster,fender-stratocaster-custom-shop-2004-california-blue_77719871_advp2r0jlgtcnicq4npm.jpg
fender-stratocaster,fender-stratocaster-custom-shop-2004-california-blue_77719871_ya1nsmfngjgyvrjhnluv.jpg
fender-stratocaster,fender-stratocaster-custom-shop-2004-california-blue_77719871_og3drke5guxthamxp1ty.jpg
fender-stratocaster,fender-stratocaster-custom-shop-2004-california-blue_77719871_wo2whnoajustmu8gqieq.jpg
fender-stratocaster,fender-stratocaster-custom-shop-2004-california-blue_77719871_llidxghdaqsjceevnyua.jpg
fender-stratocaster,fender-stratocaster-custom-shop-2004-california-blue_77719871_vdgxjnzorkre0kght5p1.jpg
fender-stratocaster,fender-stratocaster-custom-shop-2004-california-blue_77719871_br1jwar09oaknia5u83g.jpg
fender-stratocaster,fender-stratocaster-custom-shop-2004-california-blue_77719871_s8nqgobkcl4ff2j7p3p9.jpg
fender-stratocaster,fender-stratocaster-custom-shop-2004-california-blue_77719871_jc6z14ynrkvztqwia9lm.jpg
fender-stratocaster,fender-stratocaster-custom-shop-2004-california-blue_77719871_vxtyiqi4gvy0kwaxoac3.jpg
fender-stratocaster,fender-stratocaster-custom-shop-2004-california-blue_77719871_aljpqjjfitjxi76hrbce.jpg
fender-stratocaster,fender-stratocaster-custom-shop-2004-california-blue_77719871_gxyg6c5dpif2ex3x3eu2.jpg
fender-stratocaster,fender-stratocaster-american-standard-1987-in-black_37933381_iuxzvl0eol5t2ptrvt1j.jpg
fender-stratocaster,fender-stratocaster-american-standard-1987-in-black_37933381_oakn0yk8iip5jzlhfzfb.jpg
fender-stratocaster,fender-stratocaster-american-standard-1987-in-black_37933381_ssiy3riztldtb8f6ewkj.jpg
fender-stratocaster,fender-stratocaster-american-standard-1987-in-black_37933381_tftaff9wv8yis1diak3x.jpg
fender-stratocaster,fender-stratocaster-american-standard-1987-in-black_37933381_tmxi2ab0qeq3ozfqfuwg.jpg
fender-stratocaster,fender-stratocaster-american-standard-1987-in-black_37933381_dmy47zpxf7tsehuuxvbx.jpg
fender-stratocaster,fender-stratocaster-american-standard-1987-in-black_37933381_cqbnqus5rxlsq8ww6yor.jpg
fender-stratocaster,fender-stratocaster-american-standard-1987-in-black_37933381_yuxcwwkwsbcovjraubus.jpg
fender-stratocaster,fender-stratocaster-american-standard-1987-in-black_37933381_apmgiw6w3bqxwivr2fnh.jpg
fender-stratocaster,fender-stratocaster-american-standard-1987-in-black_37933381_bqptcqbxyzn08hmirf04.jpg
fender-stratocaster,fender-stratocaster-american-standard-1987-in-black_37933381_kalt4ocv0704toao3hek.jpg
fender-stratocaster,fender-stratocaster-american-standard-1987-in-black_37933381_gdlbki8pgzwm6hpi5dks.jpg
fender-stratocaster,fender-stratocaster-american-standard-1987-in-black_37933381_bmqjy6pvhukhwteiqgbq.jpg
fender-stratocaster,fender-stratocaster-american-standard-1987-in-black_37933381_qqtkx89lhjmhpon39zbb.jpg
fender-stratocaster,fender-stratocaster-american-standard-1987-in-black_37933381_eq6hnfkcvtjywyoutvft.jpg
fender-stratocaster,fender-stratocaster-american-standard-1987-in-black_37933381_hrr0dxkvlzusvw4sm6td.jpg
fender-stratocaster,fender-stratocaster-american-standard-1987-in-black_37933381_fhvkv46dvtextrzlreey.jpg
fender-stratocaster,fender-stratocaster-american-standard-1987-in-black_37933381_kfmioiu7f8hhccvumc2d.jpg
fender-stratocaster,fender-stratocaster-japan-st62-ash-2010_55961921_anclo3576htggbh7pzgw.jpg
fender-stratocaster,fender-stratocaster-japan-st62-ash-2010_55961921_s7wwjmqapl0pirmm9hug.jpg
fender-stratocaster,fender-stratocaster-japan-st62-ash-2010_55961921_l5f928sbjx9yxqpsxu4d.jpg
fender-stratocaster,fender-stratocaster-japan-st62-ash-2010_55961921_oxmaekp3sgk3wlzptvd6.jpg
fender-stratocaster,fender-stratocaster-japan-st62-ash-2010_55961921_to3iok7j6rh9c4draxwm.jpg
fender-stratocaster,fender-stratocaster-japan-st62-ash-2010_55961921_rfu8chgofqoxo6a2umxp.jpg
fender-stratocaster,fender-stratocaster-japan-st62-ash-2010_55961921_chsethftir63nfn3kpvd.jpg
fender-stratocaster,fender-stratocaster-japan-st62-ash-2010_55961921_rf3mevozihcsus2g2tzi.jpg
fender-stratocaster,fender-stratocaster-japan-st62-ash-2010_55961921_wtjtxo5ri31ylxfsndrg.jpg
fender-stratocaster,fender-stratocaster-japan-st62-ash-2010_55961921_bfzrw21m3e1j1en8cp0l.jpg
fender-stratocaster,fender-stratocaster-japan-st62-ash-2010_55961921_rmvpdzy0xjhyefy9nzbz.jpg
fender-stratocaster,fender-stratocaster-japan-st62-ash-2010_55961921_x2atggwoqlsgnnqrdjuc.jpg
fender-stratocaster,fender-stratocaster-japan-st62-ash-2010_55961921_vv2kgwytqfyoagguiuwr.jpg
fender-stratocaster,fender-stratocaster-japan-st62-ash-2010_55961921_zo92uxzaba3j3setxep5.jpg
fender-stratocaster,fender-stratocaster-japan-st62-ash-2010_55961921_mm01c3ivtvcwldqwmkpd.jpg
fender-stratocaster,fender-stratocaster-japan-st62-ash-2010_55961921_tdjvjmqfquqmb1rdoa4o.jpg
fender-stratocaster,fender-stratocaster-japan-st62-ash-2010_55961921_esusfkmwzaoxhqmjewps.jpg
fender-stratocaster,fender-stratocaster-japan-st62-ash-2010_55961921_tngsn7pbzdbhibz4scq5.jpg
fender-stratocaster,fender-stratocaster-japan-st62-ash-2010_55961921_cg3vu5e66bnn8gxpjyaa.jpg
fender-stratocaster,fender-stratocaster-japan-st62-ash-2010_55961921_cnp8eu1aijyri0sectto.jpg
fender-stratocaster,fender-stratocaster-japan-st62-ash-2010_55961921_a3jqbjkw17qyzosuhfpc.jpg
fender-stratocaster,fender-stratocaster-japan-st62-ash-2010_55961921_tcp8qkohvpjge0xs4spp.jpg
fender-stratocaster,fender-stratocaster-japan-str-80r-1987_56495615_hslkhbsf692i4hjdcc8s.jpg
fender-stratocaster,fender-stratocaster-japan-str-80r-1987_56495615_od065mcoresnb7iyqraw.jpg
fender-stratocaster,fender-stratocaster-japan-str-80r-1987_56495615_o4wxkdafl6xq4pn8wlpm.jpg
fender-stratocaster,fender-stratocaster-japan-str-80r-1987_56495615_wftsqwxxq3elyrxhaxsc.jpg
fender-stratocaster,fender-stratocaster-japan-str-80r-1987_56495615_dok4lzywmpkyx0mqbpck.jpg
fender-stratocaster,fender-stratocaster-japan-str-80r-1987_56495615_l78mh0xaqoyddcpic0qg.jpg
fender-stratocaster,fender-stratocaster-japan-str-80r-1987_56495615_kcwgnw7tiowgd8wvo62x.jpg
fender-stratocaster,fender-stratocaster-japan-str-80r-1987_56495615_ujnqidl1buclv9x38kap.jpg
fender-stratocaster,fender-stratocaster-japan-str-80r-1987_56495615_rhfb9hn6ndcvkhl2dnzn.jpg
fender-stratocaster,fender-stratocaster-japan-str-80r-1987_56495615_oh6u6bchflrgtyt7ud9s.jpg
fender-stratocaster,fender-stratocaster-japan-str-80r-1987_56495615_putixybnsmlw1o6cj3tc.jpg
fender-stratocaster,fender-stratocaster-japan-str-80r-1987_56495615_ydjovt8di761kfqkybso.jpg
fender-stratocaster,fender-stratocaster-japan-str-80r-1987_56495615_x8ow7frqkayc2lnexfye.jpg
fender-stratocaster,fender-stratocaster-japan-str-80r-1987_56495615_jweuwz1ylynv71r3e29n.jpg
fender-stratocaster,fender-stratocaster-japan-str-80r-1987_56495615_hhesynsbqlsgojzvqsmh.jpg
fender-stratocaster,fender-stratocaster-japan-str-80r-1987_56495615_ou1ayp0ylkcgraqluyrs.jpg
fender-stratocaster,fender-stratocaster-japan-str-80r-1987_56495615_qds2hxdptqlnsjqqpezg.jpg
fender-stratocaster,fender-stratocaster-japan-str-80r-1987_56495615_lujxclo91n923kvndv7v.jpg
fender-stratocaster,fender-stratocaster-japan-str-80r-1987_56495615_mf4ih3mjal2duac5tlie.jpg
fender-stratocaster,fender-stratocaster-japan-str-80r-1987_56495615_pgc9z896fskzluojwfaz.jpg
fender-stratocaster,fender-stratocaster-japan-str-80r-1987_56495615_xtoapaa09rncanve8pxl.jpg
fender-stratocaster,fender-stratocaster-japan-str-80r-1987_56495615_xzjtc7u6jhxmftt9blzs.jpg
fender-stratocaster,fender-stratocaster-japan-str-80r-1987_56495615_tqlr4vpnoimgooyqovio.jpg
fender-stratocaster,fender-stratocaster-japan-str-80r-1987_56495615_lzc2zvl7vatpdxkjdleh.jpg
fender-stratocaster,fender-stratocaster-japan-st-std-lpb-2013_41137860_fiqsxysikdczwd7lmjca.jpg
fender-stratocaster,fender-stratocaster-japan-st-std-lpb-2013_41137860_anxhyoygt4hyjcuwarob.jpg
fender-stratocaster,fender-stratocaster-japan-st-std-lpb-2013_41137860_aaui1bpp1piaigmv6xj6.jpg
fender-stratocaster,fender-stratocaster-japan-st-std-lpb-2013_41137860_g7m8yzxp0ucct2jniads.jpg
fender-stratocaster,fender-stratocaster-japan-st-std-lpb-2013_41137860_arqwjxlzzzyvycdj67ng.jpg
fender-stratocaster,fender-stratocaster-japan-st-std-lpb-2013_41137860_o7j4n8vtoreoftlotkzu.jpg
fender-stratocaster,fender-stratocaster-japan-st-std-lpb-2013_41137860_bivxqz85kdi6crguhdbq.jpg
fender-stratocaster,fender-stratocaster-japan-st-std-lpb-2013_41137860_iylruiik5x4osmuobm1x.jpg
fender-stratocaster,fender-stratocaster-japan-st-std-lpb-2013_41137860_ey6efchc0o9lxuwjgblr.jpg
fender-stratocaster,fender-stratocaster-japan-st-std-lpb-2013_41137860_cfult5rrx3i8xh3tovg4.jpg
fender-stratocaster,fender-stratocaster-japan-st-std-lpb-2013_41137860_gpnge8qiyezud9hsm28s.jpg
fender-stratocaster,fender-stratocaster-japan-st-std-lpb-2013_41137860_pc6dv7bd0jensncs8p1u.jpg
fender-stratocaster,fender-stratocaster-japan-st-std-lpb-2013_41137860_oovxjewfzqaw6tnudcku.jpg
fender-stratocaster,fender-stratocaster-japan-st-std-lpb-2013_41137860_hlqpr7p5mgavmciey6af.jpg
fender-stratocaster,fender-stratocaster-japan-st-std-lpb-2013_41137860_nlngbctfyv5y3luanjbl.jpg
fender-stratocaster,fender-stratocaster-japan-st-std-lpb-2013_41137860_rk4u2ox7ntgtlijabuv5.jpg
fender-stratocaster,fender-stratocaster-japan-st-std-lpb-2013_41137860_opzjxeudgmtn4l5xt6uk.jpg
fender-stratocaster,fender-stratocaster-japan-st-std-lpb-2013_41137860_mkgsduomtdt9flvraalp.jpg
fender-stratocaster,fender-stratocaster-japan-st-std-lpb-2013_41137860_duwxejhx7uks0sit7t3m.jpg
fender-stratocaster,fender-stratocaster-japan-st-std-lpb-2013_41137860_cv91icvhqyjl2ruszzks.jpg
fender-stratocaster,fender-stratocaster-japan-st-std-lpb-2013_41137860_zpuia4fposdjte0aydpe.jpg
fender-stratocaster,fender-stratocaster-japan-st-std-lpb-2013_41137860_x2jvkbmlulhiytvbub7x.jpg
fender-stratocaster,fender-stratocaster-japan-st-std-lpb-2013_41137860_ksardvngn1hvzd7sltr3.jpg
fender-stratocaster,fender-stratocaster-japan-st-std-lpb-2013_41137860_syllclxzyxoz5drabrly.jpg
fender-stratocaster,fender-stratocaster-japan-st-std-lpb-2013_41137860_evvu1fvgjigvuj0sygmr.jpg
fender-stratocaster,fender-stratocaster-aerodyne-japan-2018_57812958_q2od69xvv4ysz7edm4k9.jpg
fender-stratocaster,fender-stratocaster-aerodyne-japan-2018_57812958_svpofnajt65vi2wro5gw.jpg
fender-stratocaster,fender-stratocaster-aerodyne-japan-2018_57812958_fyz0kyabyyjuwgtuvkax.jpg
fender-stratocaster,fender-stratocaster-aerodyne-japan-2018_57812958_gvwvejhmkoqijs2niwd0.jpg
fender-stratocaster,fender-stratocaster-aerodyne-japan-2018_57812958_vcpeviwqumqjh29g72cl.jpg
fender-stratocaster,fender-stratocaster-aerodyne-japan-2018_57812958_ilh2pomy1zgyagqxmq14.jpg
fender-stratocaster,fender-stratocaster-aerodyne-japan-2018_57812958_kckovz3g9y43infhgydj.jpg
fender-stratocaster,fender-stratocaster-aerodyne-japan-2018_57812958_bp39e91oigutz9omggka.jpg
fender-stratocaster,fender-stratocaster-aerodyne-japan-2018_57812958_iayf5wlczebgknocrskb.jpg
fender-stratocaster,fender-stratocaster-aerodyne-japan-2018_57812958_dmnmxztg21z2gydlkpne.jpg
fender-stratocaster,fender-stratocaster-aerodyne-japan-2018_57812958_wfb5nn9iemtconq5zbhh.jpg
fender-stratocaster,fender-stratocaster-aerodyne-japan-2018_57812958_lrpzbf24dfvp0yjgga0u.jpg
fender-stratocaster,fender-stratocaster-aerodyne-japan-2018_57812958_hxfvth1hyqywithm3rvm.jpg
fender-stratocaster,fender-stratocaster-aerodyne-japan-2018_57812958_wnbs4of5cjrsq3slzopy.jpg
fender-stratocaster,fender-stratocaster-aerodyne-japan-2018_57812958_d2jac4ylcwoahilc6gpn.jpg
fender-stratocaster,fender-stratocaster-aerodyne-japan-2018_57812958_tmtkgx08ge6fcxyxzziw.jpg
fender-stratocaster,fender-stratocaster-aerodyne-japan-2018_57812958_gdw9uungey0jhbyuqw2z.jpg
fender-stratocaster,fender-stratocaster-aerodyne-japan-2018_57812958_vakvjhvojhuho4txbo34.jpg
fender-stratocaster,fender-stratocaster-aerodyne-japan-2018_57812958_bqbuyvcovyuovbrjbcq3.jpg
fender-stratocaster,fender-stratocaster-aerodyne-japan-2018_57812958_qonumg4pad4nulbhirv4.jpg
fender-stratocaster,fender-stratocaster-aerodyne-japan-2018_57812958_koinerdr1jexmy4vzur9.jpg
fender-stratocaster,fender-stratocaster-aerodyne-japan-2018_57812958_hvcxxac4r88i11qowh5d.jpg
fender-stratocaster,fender-stratocaster-aerodyne-japan-2018_57812958_kf9nj9akixfb54q6ny23.jpg
fender-stratocaster,fender-stratocaster-japan-st62g-2011_47891802_ewqclwe27vifoikrfwni.jpg
fender-stratocaster,fender-stratocaster-japan-st62g-2011_47891802_lm8lztquysdwjodekgea.jpg
fender-stratocaster,fender-stratocaster-japan-st62g-2011_47891802_psox1tfuazrcidza8pew.jpg
fender-stratocaster,fender-stratocaster-japan-st62g-2011_47891802_ogob2mzzmpleag47dmhr.jpg
fender-stratocaster,fender-stratocaster-japan-st62g-2011_47891802_iyjadxq1ogagp9mltm6x.jpg
fender-stratocaster,fender-stratocaster-japan-st62g-2011_47891802_cntprf77wmynfevfnqe9.jpg
fender-stratocaster,fender-stratocaster-japan-st62g-2011_47891802_ofeglu6bjfuzzkcjbtc2.jpg
fender-stratocaster,fender-stratocaster-japan-st62g-2011_47891802_awyc63onmzukmyxvd0tl.jpg
fender-stratocaster,fender-stratocaster-japan-st62g-2011_47891802_bf00d4u1dl1owhq6a6yj.jpg
fender-stratocaster,fender-stratocaster-japan-st62g-2011_47891802_akbnrbet8hhafmg7zvob.jpg
fender-stratocaster,fender-stratocaster-japan-st62g-2011_47891802_olbclywd7iozewxyxk0d.jpg
fender-stratocaster,fender-stratocaster-japan-st62g-2011_47891802_smormkumrinloyfuv30s.jpg
fender-stratocaster,fender-stratocaster-japan-st62g-2011_47891802_bk4qvvuoq81gj0lsfte5.jpg
fender-stratocaster,fender-stratocaster-japan-st62g-2011_47891802_xrqkbs48yqbysr9eujyn.jpg
fender-stratocaster,fender-stratocaster-japan-st62g-2011_47891802_rcaujmitmdzgx8cxemdp.jpg
fender-stratocaster,fender-stratocaster-japan-st62g-2011_47891802_btsiqxppbtiqu0icbqfo.jpg
fender-stratocaster,fender-stratocaster-japan-st62g-2011_47891802_prgoomui3xpdny2kadba.jpg
fender-stratocaster,fender-stratocaster-japan-st62g-2011_47891802_julo2gzw27ljfw20djtr.jpg
fender-stratocaster,fender-stratocaster-japan-st62g-2011_47891802_mu59qdbfgrd5ljfz0mvk.jpg
fender-stratocaster,fender-stratocaster-japan-st62g-2011_47891802_tunfzmpo3vsnwicrasjd.jpg
fender-stratocaster,fender-stratocaster-japan-st62g-2011_47891802_nprtuacp3lgtumjhpfl5.jpg
fender-stratocaster,fender-stratocaster-japan-st62g-2011_47891802_ci1ubzpb3j0wtr6n4deb.jpg
fender-stratocaster,fender-stratocaster-japan-st62g-2011_47891802_jp82phmisk778bmgfuoo.jpg
fender-stratocaster,fender-stratocaster-japan-st62g-2011_47891802_nbkvr9idpo7f9ayiwmad.jpg
fender-stratocaster,fender-stratocaster-japan-st62g-2011_47891802_f7cdjmodqvdnq4yfvunk.jpg
fender-stratocaster,fender-stratocaster-japan-st62-2007_55882078_wos014u7twbli3ewdofe.jpg
fender-stratocaster,fender-stratocaster-japan-st62-2007_55882078_x7k6b2tqdansgasn00vb.jpg
fender-stratocaster,fender-stratocaster-japan-st62-2007_55882078_j73tduxms73spocud84t.jpg
fender-stratocaster,fender-stratocaster-japan-st62-2007_55882078_jn1cix39z5jmujqc5tuy.jpg
fender-stratocaster,fender-stratocaster-japan-st62-2007_55882078_qdqbhowhizmiz1ldkubm.jpg
fender-stratocaster,fender-stratocaster-japan-st62-2007_55882078_qcgwaswkacfvm0d3envo.jpg
fender-stratocaster,fender-stratocaster-japan-st62-2007_55882078_gjsnyvq91kiebargpx4c.jpg
fender-stratocaster,fender-stratocaster-japan-st62-2007_55882078_rhp7jo2wyujslbtdlmtf.jpg
fender-stratocaster,fender-stratocaster-japan-st62-2007_55882078_dxdmpig0g4bv7swkfqjo.jpg
fender-stratocaster,fender-stratocaster-japan-st62-2007_55882078_wpngb2ledtschc9ohs4o.jpg
fender-stratocaster,fender-stratocaster-japan-st62-2007_55882078_qnsr7qnvcfykcj5jzgnr.jpg
fender-stratocaster,fender-stratocaster-japan-st62-2007_55882078_j5vktvzukqyo6uelauvd.jpg
fender-stratocaster,fender-stratocaster-japan-st62-2007_55882078_za9irh7iq9be7n4vkq6k.jpg
fender-stratocaster,fender-stratocaster-japan-st62-2007_55882078_qfsx1mbu1gckc4gjprhx.jpg
fender-stratocaster,fender-stratocaster-japan-st62-2007_55882078_j7mswzrnkiscf4obicmg.jpg
fender-stratocaster,fender-stratocaster-japan-st62-2007_55882078_q5k1ic6nck2fyckwdv5p.jpg
fender-stratocaster,fender-stratocaster-japan-st62-2007_55882078_cf7zehlbvadloheeiglh.jpg
fender-stratocaster,fender-stratocaster-japan-st62-2007_55882078_rkkupcgf7f54k7j0g1dt.jpg
fender-stratocaster,fender-stratocaster-japan-st62-2007_55882078_lrpizbhvpkmrmon6zsmd.jpg
fender-stratocaster,fender-stratocaster-japan-st62-2007_55882078_jvtp6d2rcg1uqocrdits.jpg
fender-stratocaster,fender-stratocaster-japan-st62-2007_55882078_uluyytmb84me4batwb8o.jpg
fender-stratocaster,fender-fender-stratocaster-relic-ltd-ed-custom-show-build-2021-1968-aged-black_55163892_j4haai4ap0xte74g5blz.jpg
fender-stratocaster,fender-fender-stratocaster-relic-ltd-ed-custom-show-build-2021-1968-aged-black_55163892_mva38kn0t72w6cbsvl1o.jpg
fender-stratocaster,fender-fender-stratocaster-relic-ltd-ed-custom-show-build-2021-1968-aged-black_55163892_epeztmqfcadztlyqzgqp.jpg
fender-stratocaster,fender-fender-stratocaster-relic-ltd-ed-custom-show-build-2021-1968-aged-black_55163892_oovupmzvwqkdvvyhn32i.jpg
fender-stratocaster,fender-fender-stratocaster-relic-ltd-ed-custom-show-build-2021-1968-aged-black_55163892_gcleu2xxthsroscxle48.jpg
fender-stratocaster,fender-fender-stratocaster-relic-ltd-ed-custom-show-build-2021-1968-aged-black_55163892_xzxrjxi7rkyydogy6itz.jpg
fender-stratocaster,fender-fender-stratocaster-relic-ltd-ed-custom-show-build-2021-1968-aged-black_55163892_rbt2f4pamdretszcoudu.jpg
fender-stratocaster,fender-fender-stratocaster-relic-ltd-ed-custom-show-build-2021-1968-aged-black_55163892_kpowsfdomltuoo4b1ncd.jpg
fender-stratocaster,fender-fender-stratocaster-relic-ltd-ed-custom-show-build-2021-1968-aged-black_55163892_mebs623q3v6rh9woiwjt.jpg
fender-stratocaster,fender-fender-stratocaster-relic-ltd-ed-custom-show-build-2021-1968-aged-black_55163892_odl778d4yvjwkyorpzey.jpg
fender-stratocaster,fender-fender-stratocaster-relic-ltd-ed-custom-show-build-2021-1968-aged-black_55163892_copfubxgrow6ghnegylm.jpg
fender-stratocaster,fender-fender-stratocaster-relic-ltd-ed-custom-show-build-2021-1968-aged-black_55163892_udxv7fiq9rdko0ockugb.jpg
fender-stratocaster,fender-fender-stratocaster-relic-ltd-ed-custom-show-build-2021-1968-aged-black_55163892_as0a3qppa4w4u1h4mhe2.jpg
fender-stratocaster,fender-fender-stratocaster-relic-ltd-ed-custom-show-build-2021-1968-aged-black_55163892_yrmywcv8kp0ilsxcotq6.jpg
